tx_price,beds,baths,sqft,lot_size,beauty_spas,college_grad,insurance,age_of_property,year_flag
295850,1,1,584,0,47,84,81,0,0
216500,1,1,612,0,26,69,51,41,0
279900,1,1,615,0,74,86,74,49,0
379900,1,1,618,33541,72,91,92,5,0
340000,1,1,634,0,50,75,30,10,0
265000,1,1,641,0,60,86,58,57,0
240000,1,1,642,0,66,88,61,67,0
388100,1,1,650,33541,72,91,92,5,0
240000,1,1,660,0,32,77,65,30,0
250000,1,1,664,0,70,83,51,42,1
335000,1,1,669,0,37,88,86,9,0
376750,1,1,673,46609,74,82,90,1,0
210000,1,1,680,0,10,63,44,43,0
289900,1,1,685,48787,75,86,68,45,0
535000,1,1,687,0,126,72,146,6,0
218000,1,1,689,0,83,92,57,21,0
400000,1,1,689,0,72,82,96,8,0
226000,1,1,690,0,30,83,67,11,1
363700,1,1,692,0,72,75,104,0,1
215000,1,1,698,0,19,47,42,42,0
327000,1,1,698,9686,49,94,88,5,0
331100,1,1,700,9686,49,94,87,7,0
240000,1,1,703,0,52,36,42,13,0
320000,1,1,704,0,47,99,79,2,1
290800,1,1,704,0,46,99,78,0,0
375000,1,1,705,0,63,99,85,20,0
377000,1,1,709,111513,91,96,109,3,1
262500,1,1,711,0,35,77,69,70,0
216250,1,1,712,0,43,90,64,60,0
270000,1,1,722,0,30,85,66,20,0
235000,1,1,723,0,47,99,85,4,0
225000,1,1,724,0,69,83,41,51,0
370000,1,1,725,0,72,91,106,5,0
232000,1,1,736,0,14,83,74,10,1
281900,1,1,737,0,38,50,69,5,0
355000,1,1,740,0,73,91,103,6,0
350000,1,1,741,0,72,91,101,3,0
231900,1,1,750,0,81,70,41,41,0
284000,1,1,755,0,31,77,78,16,0
255000,1,1,759,0,73,81,66,53,0
285850,1,1,759,0,46,99,81,0,0
249298,1,1,759,0,17,35,76,0,0
380000,1,1,760,0,81,84,101,20,0
244800,1,1,767,0,39,90,66,67,0
397400,1,1,771,111513,91,96,119,0,0
345000,1,1,781,0,37,72,98,1,1
220000,1,1,792,0,37,82,67,22,0
279000,1,1,796,0,96,63,87,28,0
286900,1,1,797,0,36,70,56,1,0
220000,1,1,800,0,5,81,56,30,0
305000,1,1,805,0,33,80,49,64,0
409575,1,1,805,46609,74,82,104,1,0
300367,1,1,805,0,48,63,79,0,1
230000,1,1,809,0,36,90,60,42,1
270000,1,1,810,0,45,54,58,30,0
210000,1,1,811,0,36,34,49,42,0
366700,1,1,817,0,65,88,83,2,0
238600,1,1,834,0,33,66,61,21,0
284900,1,1,838,0,48,63,76,1,1
253000,1,1,850,0,70,72,48,31,0
305000,1,1,850,0,50,66,61,22,0
280000,1,1,850,0,52,66,55,19,0
411000,1,1,855,0,43,90,103,1,1
270900,1,1,856,0,33,72,58,0,0
406250,1,1,859,0,73,91,109,6,0
365000,1,1,866,0,62,85,96,26,0
440000,1,1,879,0,72,82,127,1,0
250000,1,1,880,0,34,57,43,40,0
350100,1,1,900,18730,20,47,89,59,0
250000,1,1,900,0,70,83,68,46,0
305000,1,1,902,0,113,72,78,27,0
200000,1,1,914,0,49,53,54,25,1
371500,1,1,917,0,48,63,97,6,0
270000,1,1,920,0,21,72,51,27,0
318000,1,1,926,0,49,49,79,35,1
408400,1,1,933,0,47,99,94,0,0
325000,1,1,934,0,59,63,54,12,0
239000,1,1,945,0,9,59,56,23,1
367500,1,1,950,0,61,79,119,20,0
378000,1,1,961,0,37,72,97,7,0
269000,1,1,966,0,60,63,73,10,0
245000,1,1,999,0,47,57,49,28,1
225000,1,1,1005,0,49,66,56,32,0
302000,1,1,1014,0,30,85,86,26,0
387900,1,1,1050,0,47,99,94,0,0
560000,1,1,1092,0,63,90,169,23,1
750000,1,1,1322,0,122,72,231,3,0
299700,1,2,814,96703,53,71,93,4,0
779900,1,2,1207,0,62,75,212,2,0
379000,1,2,1489,0,24,83,89,67,1
225000,2,1,768,0,10,73,58,56,0
230000,2,1,793,0,10,73,59,54,0
328000,2,1,800,0,44,87,76,55,0
407800,2,1,803,33541,72,91,107,5,0
470630,2,1,814,9686,49,94,108,1,0
270000,2,1,816,3846,21,46,103,66,0
359500,2,1,835,0,32,93,93,55,0
355000,2,1,836,0,40,90,92,18,0
283000,2,1,845,0,65,74,63,64,0
378000,2,1,864,1296,35,32,106,73,0
306000,2,1,875,0,33,77,79,62,0
292999,2,1,875,1220551,42,87,79,64,0
369900,2,1,891,0,65,88,89,2,0
326000,2,1,893,0,60,88,92,8,0
350000,2,1,900,0,37,80,79,64,0
350000,2,1,900,0,37,80,79,64,0
396875,2,1,912,48787,75,86,87,45,0
374900,2,1,912,0,33,77,92,22,0
232150,2,1,920,0,44,80,80,62,0
327000,2,1,924,0,37,66,81,47,1
455900,2,1,928,0,47,84,119,0,0
290000,2,1,930,0,32,77,84,23,0
301000,2,1,930,1135,45,59,62,19,0
275000,2,1,930,1059,4,63,71,16,0
531000,2,1,931,0,93,96,143,5,0
405000,2,1,945,14374,22,73,139,57,0
336000,2,1,950,0,31,89,91,73,0
214000,2,1,952,0,102,67,61,46,0
327500,2,1,958,0,44,89,77,69,0
251489,2,1,959,4918,0,36,49,80,0
238900,2,1,960,0,97,73,59,50,0
297000,2,1,960,0,73,82,91,43,1
235000,2,1,960,800,44,45,62,29,0
210000,2,1,960,1820,4,63,66,23,0
215000,2,1,966,0,39,81,51,52,0
285000,2,1,966,0,60,63,78,19,0
239900,2,1,976,1120,51,31,61,35,0
375500,2,1,983,0,63,90,103,29,0
415000,2,1,993,0,63,90,116,22,0
400000,2,1,1008,1995,7,85,77,19,0
420000,2,1,1010,0,32,93,98,51,0
292000,2,1,1011,0,39,81,51,47,0
200000,2,1,1015,1615,173,55,117,73,0
226000,2,1,1021,0,36,66,69,49,0
220000,2,1,1024,0,32,28,75,1,0
280000,2,1,1032,0,68,83,72,51,0
299900,2,1,1032,0,29,55,47,42,0
204000,2,1,1044,0,36,66,69,54,0
350000,2,1,1062,0,28,87,92,24,1
228000,2,1,1070,0,13,77,56,42,0
300000,2,1,1073,0,11,67,54,33,0
280000,2,1,1083,0,49,42,66,49,0
305500,2,1,1100,0,84,81,105,48,1
348500,2,1,1103,0,41,90,87,65,0
210000,2,1,1177,0,45,54,67,26,0
250000,2,1,1179,0,46,36,49,42,0
229000,2,1,1185,15681,0,36,56,49,0
300000,2,1,1188,3001,23,36,84,55,0
220000,2,1,1194,0,47,57,57,35,0
275000,2,1,1197,1306,11,22,70,41,0
312000,2,1,1200,0,10,73,89,62,0
231525,2,1,1242,0,22,63,68,28,0
239900,2,1,1250,0,11,80,66,24,1
305000,2,1,1288,0,46,57,71,25,0
337600,2,1,1296,3001,23,36,86,51,0
248000,2,1,1344,1102,145,81,158,114,0
336900,2,1,1346,0,21,86,66,21,1
225000,2,1,1350,1245,146,81,171,46,0
585000,2,1,1360,0,75,83,155,30,0
205000,2,1,1526,2478,5,73,68,8,0
330000,2,2,832,1136,41,53,123,66,0
250000,2,2,864,1633,36,32,124,66,1
200000,2,2,877,0,73,91,131,12,0
286499,2,2,886,0,9,59,59,24,0
237500,2,2,886,0,9,59,60,32,0
261000,2,2,896,3598,21,41,93,58,0
277000,2,2,899,0,37,67,82,9,0
425000,2,2,910,6023,42,81,162,58,1
385000,2,2,915,183387,49,41,92,1,0
275000,2,2,930,1625,23,73,87,25,1
275000,2,2,933,0,41,51,56,15,0
201953,2,2,940,0,47,33,38,30,0
307500,2,2,940,0,26,80,47,17,0
551400,2,2,949,0,72,75,154,0,1
435000,2,2,950,46609,74,82,128,5,0
230000,2,2,951,0,30,55,63,24,0
367000,2,2,951,0,55,92,115,9,0
509500,2,2,954,0,73,91,132,4,0
275000,2,2,959,0,37,84,69,1,0
279537,2,2,969,0,66,92,85,14,0
499900,2,2,970,33541,72,91,124,5,0
315000,2,2,980,1206,13,84,90,23,0
299900,2,2,980,1104,13,84,83,21,0
320000,2,2,984,3598,54,63,85,67,0
279000,2,2,986,0,14,41,54,34,0
386500,2,2,992,0,48,90,109,67,0
270000,2,2,998,0,29,80,62,16,0
440000,2,2,1000,0,29,83,120,71,0
475000,2,2,1000,0,61,94,131,15,0
278000,2,2,1002,0,25,86,86,2,1
443000,2,2,1005,0,60,94,131,24,0
290000,2,2,1012,0,12,74,74,18,0
458900,2,2,1025,0,47,99,114,0,0
615000,2,2,1027,0,72,82,157,7,0
225000,2,2,1038,0,50,36,56,17,1
525000,2,2,1040,1341,172,55,153,85,0
315000,2,2,1040,0,41,51,59,16,0
490000,2,2,1041,0,36,88,127,6,0
243000,2,2,1044,0,51,25,59,43,1
250000,2,2,1044,0,7,62,62,21,1
289500,2,2,1045,0,13,83,77,16,0
249950,2,2,1048,0,50,75,55,4,0
250000,2,2,1050,0,14,83,74,18,0
345000,2,2,1053,0,10,74,74,12,0
351500,2,2,1056,0,29,70,98,7,0
478089,2,2,1069,0,37,82,92,18,0
349181,2,2,1070,0,36,56,62,17,0
300000,2,2,1074,0,37,82,92,21,1
218000,2,2,1075,0,1,77,58,27,0
416900,2,2,1075,0,47,99,113,1,0
335000,2,2,1077,0,75,72,84,27,1
225000,2,2,1080,1951,35,59,73,26,0
316500,2,2,1082,0,58,63,86,17,0
535150,2,2,1084,0,75,67,149,0,1
405000,2,2,1086,0,30,70,103,11,0
620000,2,2,1088,0,76,88,182,1,1
545000,2,2,1095,0,48,86,150,20,0
342500,2,2,1098,1314,47,74,80,18,0
209000,2,2,1100,0,20,55,57,17,0
243000,2,2,1100,0,21,55,62,10,1
254000,2,2,1102,1307,40,45,74,26,0
240000,2,2,1104,0,42,62,73,6,0
265000,2,2,1107,0,18,32,78,22,0
240000,2,2,1108,0,15,41,99,17,0
250000,2,2,1112,0,28,75,69,36,0
534625,2,2,1112,0,93,96,231,0,0
313500,2,2,1120,0,21,55,62,9,0
469900,2,2,1123,0,36,88,122,8,0
610000,2,2,1128,0,72,91,158,7,0
285000,2,2,1130,0,18,84,77,24,0
296000,2,2,1130,0,31,63,78,21,0
293815,2,2,1130,0,32,63,75,17,0
290000,2,2,1132,0,113,72,102,37,0
278000,2,2,1134,1511,11,67,83,27,0
380000,2,2,1135,0,33,81,92,5,0
367500,2,2,1135,0,32,81,100,6,0
325000,2,2,1139,0,31,85,99,23,1
280000,2,2,1141,0,85,78,99,28,0
289900,2,2,1145,0,36,70,74,1,0
290000,2,2,1148,0,26,84,81,5,0
306755,2,2,1149,0,39,83,97,6,0
295000,2,2,1150,0,42,75,73,30,0
338000,2,2,1150,0,33,72,79,3,1
305000,2,2,1152,0,11,83,81,18,0
342900,2,2,1152,0,33,72,81,1,0
410000,2,2,1153,0,55,92,122,12,0
377400,2,2,1155,0,17,35,93,1,0
394000,2,2,1158,0,48,63,114,6,0
370000,2,2,1161,0,36,67,112,7,0
326979,2,2,1163,0,33,72,77,6,0
285000,2,2,1166,0,26,69,61,40,0
245000,2,2,1170,0,49,53,64,25,0
315000,2,2,1170,0,27,72,72,7,0
255000,2,2,1170,0,26,72,76,12,0
221500,2,2,1178,0,164,42,159,14,0
275250,2,2,1181,0,42,76,82,0,0
335000,2,2,1184,1167,43,74,71,17,0
535000,2,2,1184,0,72,91,157,6,0
209480,2,2,1188,0,19,95,92,0,0
245000,2,2,1195,0,50,66,77,30,0
400000,2,2,1200,5000,37,50,157,72,0
550000,2,2,1200,2744,139,90,167,73,0
399500,2,2,1200,0,30,93,107,58,0
242000,2,2,1200,1420,51,63,78,25,0
385000,2,2,1201,96703,53,71,118,3,0
229500,2,2,1202,0,70,83,99,37,0
387000,2,2,1204,0,31,77,115,17,0
295000,2,2,1205,0,32,38,66,18,0
460000,2,2,1205,9686,49,94,123,5,0
450000,2,2,1206,0,63,99,134,21,0
346631,2,2,1215,0,60,88,125,2,0
380000,2,2,1217,0,48,63,134,6,0
279000,2,2,1218,0,19,95,99,2,0
250000,2,2,1220,0,12,58,58,10,0
203255,2,2,1224,1192,5,56,112,0,0
295990,2,2,1230,0,11,64,77,7,0
526275,2,2,1242,0,72,91,154,2,1
295000,2,2,1242,0,48,63,106,4,0
230000,2,2,1244,0,21,55,61,13,0
617000,2,2,1248,0,72,82,187,2,0
485000,2,2,1252,0,37,72,152,1,1
345000,2,2,1254,0,49,83,74,8,0
257000,2,2,1256,0,15,76,82,23,0
299000,2,2,1263,0,46,70,80,15,0
320000,2,2,1270,0,13,83,82,14,0
319990,2,2,1288,0,33,74,91,20,0
278000,2,2,1293,0,49,53,79,20,0
381000,2,2,1294,0,78,69,82,10,0
442000,2,2,1305,0,48,86,142,24,0
653000,2,2,1305,0,93,96,187,7,0
550000,2,2,1309,759,114,93,159,24,0
225000,2,2,1316,0,45,54,79,39,0
525000,2,2,1320,0,74,91,143,32,0
289000,2,2,1343,0,49,53,82,32,0
371000,2,2,1346,0,37,50,112,5,0
330000,2,2,1350,2326,23,73,83,20,0
267000,2,2,1360,0,8,56,72,43,0
250000,2,2,1360,1500,3,56,82,28,0
578324,2,2,1376,0,37,72,159,0,0
385000,2,2,1383,0,44,87,108,68,0
210835,2,2,1388,0,40,90,120,1,0
274500,2,2,1389,0,47,57,73,33,0
254900,2,2,1392,0,13,67,67,23,0
275000,2,2,1400,2945,126,70,149,66,0
290000,2,2,1413,0,46,57,71,24,0
505000,2,2,1420,0,48,86,174,16,0
299000,2,2,1439,0,49,53,82,31,0
271000,2,2,1470,0,21,86,75,26,0
490000,2,2,1471,0,169,74,154,12,0
325000,2,2,1474,2278,1,58,88,26,0
412000,2,2,1476,1335,18,73,118,12,0
329900,2,2,1477,3049,24,59,85,3,0
215000,2,2,1496,2387,22,28,71,41,0
589000,2,2,1516,0,61,79,132,24,0
405490,2,2,1522,0,25,65,96,9,1
475000,2,2,1526,0,30,73,124,23,0
375000,2,2,1530,0,62,83,124,27,0
455000,2,2,1530,0,30,82,114,6,0
429900,2,2,1623,0,33,77,128,33,0
465000,2,2,1638,1875,5,84,118,18,0
471850,2,2,1640,0,20,65,97,7,0
337980,2,2,1641,0,48,67,176,0,0
625000,2,2,1649,6390,43,75,174,67,0
395000,2,2,1750,2217,21,46,122,9,0
575000,2,2,1825,0,56,71,184,6,0
289000,2,2,1870,5601,5,39,87,10,0
740000,2,2,2100,0,61,79,249,28,0
540000,2,2,2310,3062,175,79,158,56,0
225000,2,2,2512,2783,14,52,135,4,0
330000,2,3,1200,1350,2,65,82,21,1
302000,2,3,1260,2280,1,58,86,26,0
557000,2,3,1296,0,36,90,153,16,1
408000,2,3,1314,1440,19,80,83,19,0
495000,2,3,1600,1165,172,86,166,89,0
416000,2,3,1667,0,15,76,103,18,0
538000,2,3,1820,784,177,78,154,28,0
335000,2,3,1853,1000,139,91,237,18,0
395000,2,3,1925,2219,21,46,119,9,0
299940,2,3,1942,0,13,44,65,0,1
300000,2,3,2067,1260,13,72,106,23,0
399500,2,3,2180,0,39,82,107,35,0
300000,2,4,1377,1200,9,48,99,29,0
370000,3,1,874,11325,31,76,104,94,0
200000,3,1,876,9047,17,25,87,65,0
455000,3,1,884,10001,58,45,119,53,0
285000,3,1,943,0,10,73,68,59,0
433150,3,1,948,7254,15,42,87,54,0
225000,3,1,1008,7274,19,19,65,59,0
297000,3,1,1024,1245,35,47,92,62,0
209400,3,1,1120,3994,18,22,78,36,0
306000,3,1,1140,1306,40,45,68,22,0
375000,3,1,1204,11325,3,43,103,59,0
397555,3,1,1210,1398,20,63,93,28,0
325000,3,1,1211,16117,52,40,102,57,0
375000,3,1,1220,1260,9,81,93,25,0
523000,3,1,1220,2325,29,54,68,29,0
274500,3,1,1224,3600,52,63,92,63,0
368000,3,1,1260,10267,2,70,120,64,0
330000,3,1,1280,1420,15,41,72,35,0
300000,3,1,1280,1375,56,63,83,26,0
275000,3,1,1280,1598,33,42,47,21,0
340000,3,1,1280,1398,50,63,83,20,0
497650,3,1,1286,8276,30,80,187,57,0
490000,3,1,1301,51400,38,78,167,66,0
295000,3,1,1302,0,42,36,54,33,0
650000,3,1,1309,7540,21,81,177,60,0
580000,3,1,1323,3674,41,53,174,90,0
330000,3,1,1368,1340,11,50,88,19,0
299990,3,1,1382,1995,15,31,73,22,1
389900,3,1,1404,11761,1,44,106,57,0
430000,3,1,1506,1746,4,85,123,23,0
482413,3,1,1520,1400,51,65,114,10,0
325000,3,1,1568,14810,21,69,84,51,0
500000,3,1,1618,12196,41,82,123,49,1
656500,3,1,1846,6255,32,85,181,53,1
296000,3,1,1860,1977,49,83,131,5,0
399000,3,1,1928,12632,34,17,107,60,0
200000,3,1,2175,9500,48,80,224,55,0
225870,3,1,2622,3010,14,73,143,0,0
359000,3,2,816,3600,29,38,107,64,0
349900,3,2,816,3484,48,38,112,58,1
255000,3,2,879,9999,19,61,99,59,0
255000,3,2,884,3140,52,34,109,48,0
232500,3,2,890,25264,11,47,66,53,1
405000,3,2,922,0,48,87,107,70,0
429900,3,2,966,5647,2,63,104,25,0
249600,3,2,969,1281,11,36,52,17,0
299000,3,2,972,21780,31,25,102,47,0
246700,3,2,997,1119,12,47,74,28,0
360000,3,2,1009,8925,57,42,107,53,0
349900,3,2,1036,3598,28,26,85,53,1
280000,3,2,1040,14810,22,5,59,-8,0
350000,3,2,1060,1341,17,52,94,31,0
339500,3,2,1064,0,26,80,55,18,0
320000,3,2,1084,0,98,67,83,38,0
299000,3,2,1092,10545,15,36,105,52,0
305000,3,2,1092,10724,6,56,97,50,1
325900,3,2,1100,915,8,81,87,28,0
310000,3,2,1102,2016,35,83,134,48,0
358000,3,2,1104,1050,13,84,98,23,0
200750,3,2,1131,0,65,57,76,31,1
257600,3,2,1144,1502,13,60,78,31,0
258000,3,2,1178,1398,0,66,89,32,0
415000,3,2,1200,5227,17,61,112,65,0
339000,3,2,1200,8745,40,36,109,56,0
249000,3,2,1200,9069,40,36,112,48,0
500000,3,2,1208,11761,4,69,107,33,0
345000,3,2,1211,10781,40,40,121,58,0
285000,3,2,1220,2448,2,44,84,26,1
439900,3,2,1220,2178,18,72,109,23,0
428000,3,2,1220,1519,21,86,111,30,0
417000,3,2,1220,1520,21,86,112,30,0
410000,3,2,1220,1981,51,63,99,21,0
525000,3,2,1224,7000,13,73,131,63,0
392000,3,2,1225,16117,74,42,118,59,0
252500,3,2,1228,2012,35,26,59,17,0
375000,3,2,1232,2639,3,47,77,32,0
375000,3,2,1232,1540,5,73,96,26,0
378000,3,2,1240,1306,51,34,102,27,0
485000,3,2,1254,10737,0,62,139,61,0
445900,3,2,1258,0,29,70,121,6,0
335000,3,2,1260,3598,25,38,114,61,0
271000,3,2,1260,27007,0,47,86,51,0
399900,3,2,1267,10519,11,47,124,56,0
275000,3,2,1276,11761,5,40,103,55,0
333000,3,2,1280,1999,16,64,94,29,1
324000,3,2,1280,1441,5,60,92,26,0
440000,3,2,1285,11761,4,44,121,50,0
575000,3,2,1287,14374,17,77,161,71,0
275000,3,2,1296,15681,23,30,82,46,0
425000,3,2,1304,8616,16,76,116,36,0
295000,3,2,1304,1446,49,31,74,25,0
319900,3,2,1320,1400,5,77,90,33,0
340000,3,2,1320,1400,8,77,89,40,0
258000,3,2,1320,1650,27,29,42,22,0
370000,3,2,1320,1599,52,26,68,9,0
700000,3,2,1325,7000,12,73,167,66,0
200000,3,2,1330,0,19,77,64,38,0
242990,3,2,1330,0,13,44,65,0,0
320000,3,2,1331,19166,51,55,104,46,0
250000,3,2,1332,0,35,62,78,8,0
211500,3,2,1338,0,34,66,56,45,0
350000,3,2,1340,10497,12,49,118,40,0
209900,3,2,1342,2748,18,54,57,44,0
390000,3,2,1342,1540,10,71,105,28,0
416000,3,2,1344,12632,3,29,81,22,0
245000,3,2,1348,1599,24,51,71,23,0
236000,3,2,1348,1629,0,47,81,2,1
238500,3,2,1350,2757,2,66,99,33,0
440000,3,2,1352,22215,0,53,124,37,0
250000,3,2,1360,1498,3,56,85,28,0
239900,3,2,1360,1559,39,24,70,16,0
325000,3,2,1362,0,10,63,75,44,1
293000,3,2,1370,2308,50,31,78,30,0
459000,3,2,1370,1778,18,84,109,13,0
297000,3,2,1374,1528,40,51,94,15,0
249000,3,2,1375,1499,24,81,109,7,0
455900,3,2,1380,1660,34,54,107,23,0
375490,3,2,1380,0,11,64,84,7,0
375000,3,2,1400,7013,44,46,134,75,0
271000,3,2,1400,0,38,56,58,33,0
350000,3,2,1400,1400,7,71,100,38,0
399000,3,2,1404,10001,0,62,132,58,0
290000,3,2,1404,9003,54,46,115,51,0
331000,3,2,1408,1542,31,41,55,39,0
462330,3,2,1418,0,19,54,139,0,0
317500,3,2,1421,0,16,41,102,18,0
209900,3,2,1440,12632,2,35,81,52,0
299900,3,2,1440,1444,48,53,90,20,1
347644,3,2,1442,1743,58,44,97,42,0
385000,3,2,1446,0,49,42,96,46,0
330000,3,2,1452,0,14,58,74,39,1
360000,3,2,1452,1760,3,56,91,33,1
455000,3,2,1452,1540,5,71,118,34,0
324000,3,2,1452,2535,15,62,99,23,0
400000,3,2,1456,1500,3,67,106,21,0
262000,3,2,1459,52707,0,41,87,37,0
475000,3,2,1468,10175,19,20,142,61,0
420000,3,2,1475,9334,38,40,153,60,0
467000,3,2,1483,0,65,88,137,7,0
440000,3,2,1484,1825,13,72,93,19,0
309900,3,2,1496,2378,0,54,98,32,0
444000,3,2,1496,1542,15,53,90,24,0
345000,3,2,1501,1542,15,53,99,27,1
400000,3,2,1503,10254,22,36,112,60,0
223500,3,2,1506,0,54,42,84,28,0
341500,3,2,1508,9827,10,41,124,56,0
306000,3,2,1510,0,54,42,83,38,0
438950,3,2,1512,2613,21,70,117,29,0
340000,3,2,1514,0,40,76,87,11,1
260000,3,2,1518,0,9,37,78,19,0
415000,3,2,1522,1760,0,62,107,25,0
345000,3,2,1524,0,18,61,96,6,0
320000,3,2,1532,1812,11,64,109,36,0
399900,3,2,1534,10023,20,41,124,50,0
310000,3,2,1541,87991,0,35,87,35,0
415000,3,2,1544,1964,40,55,131,15,0
385000,3,2,1546,1600,12,64,109,16,0
325000,3,2,1548,16988,24,63,132,57,1
245000,3,2,1550,13939,60,77,184,63,0
324999,3,2,1554,3767,22,41,86,60,0
469335,3,2,1556,1742,95,76,159,18,0
607000,3,2,1560,20908,4,73,171,57,1
460000,3,2,1564,9282,3,72,121,28,0
381000,3,2,1574,0,96,63,110,20,0
305000,3,2,1575,1759,18,42,64,24,1
272500,3,2,1582,10890,1,80,133,44,0
395000,3,2,1586,13068,14,70,129,41,0
300000,3,2,1593,0,31,74,93,18,0
243000,3,2,1594,1594,35,38,125,0,0
449835,3,2,1600,2561,37,69,104,14,1
214000,3,2,1600,1846,23,72,129,1,0
290889,3,2,1600,1720,0,47,83,0,0
212000,3,2,1614,7013,2,17,72,49,0
384900,3,2,1614,2688,44,24,73,13,0
428002,3,2,1620,0,18,21,98,0,0
540000,3,2,1621,1120,4,71,104,0,0
422000,3,2,1624,1057,13,72,114,9,0
218000,3,2,1625,1595,11,54,93,29,0
499900,3,2,1636,2178,35,53,156,5,0
365000,3,2,1638,0,49,53,99,26,0
347903,3,2,1640,1400,26,57,97,0,0
297000,3,2,1650,10800,6,45,107,54,0
600000,3,2,1654,8102,26,37,158,67,1
450000,3,2,1661,1575,24,81,124,28,1
395000,3,2,1661,3057,4,73,103,26,0
550000,3,2,1672,1734,30,71,165,24,1
255000,3,2,1672,1803,0,47,85,6,0
407200,3,2,1674,1842,13,58,99,12,0
485000,3,2,1682,9456,19,61,127,48,0
395000,3,2,1682,1808,0,47,82,1,0
389990,3,2,1686,2047,18,41,81,0,0
489000,3,2,1691,13939,9,64,129,26,0
247640,3,2,1692,1598,18,65,132,0,0
525000,3,2,1695,0,49,66,107,24,0
525000,3,2,1696,5675,51,93,163,71,0
271900,3,2,1705,0,47,57,88,29,1
679370,3,2,1706,1173,19,54,181,0,0
360000,3,2,1708,1899,14,72,114,6,0
600000,3,2,1710,0,74,91,218,32,0
215570,3,2,1722,1977,20,72,122,23,0
450000,3,2,1725,2108,4,87,137,12,1
342500,3,2,1729,15681,49,55,97,48,0
566700,3,2,1734,5519,36,77,174,86,0
430000,3,2,1750,1746,4,85,123,23,0
319500,3,2,1752,1981,20,52,112,6,0
335655,3,2,1760,1790,12,57,85,1,0
539900,3,2,1768,2545,35,54,139,6,0
529600,3,2,1770,23086,17,60,119,47,0
446151,3,2,1778,1711,35,66,142,17,0
457091,3,2,1786,9270,83,56,117,66,0
429000,3,2,1787,2143,13,80,119,19,0
214900,3,2,1793,55756,1,61,94,16,0
203000,3,2,1800,6943,32,84,195,49,0
346000,3,2,1800,11325,9,75,99,39,0
630000,3,2,1806,20037,4,62,181,47,0
321610,3,2,1806,1372,8,65,107,0,0
340000,3,2,1814,2570,3,45,71,8,1
262000,3,2,1828,17424,2,61,83,26,0
365000,3,2,1833,2143,9,51,97,29,1
291000,3,2,1836,2278,0,47,82,7,0
345000,3,2,1842,0,45,54,99,31,0
293000,3,2,1854,9565,39,36,92,49,0
247000,3,2,1857,2622,20,47,78,7,0
382921,3,2,1858,2242,12,70,143,0,0
643000,3,2,1862,5344,18,78,191,72,0
309000,3,2,1866,10654,24,52,119,55,1
446000,3,2,1875,1540,25,74,122,32,0
420000,3,2,1878,2178,4,87,132,12,1
370000,3,2,1884,1821,19,72,124,4,0
385000,3,2,1885,0,127,80,195,3,0
450000,3,2,1900,1140,26,89,129,12,0
279900,3,2,1910,1986,8,63,114,13,0
339900,3,2,1918,3057,4,73,107,15,0
675000,3,2,1920,3049,21,86,168,13,0
471500,3,2,1934,1556,31,75,129,24,0
565000,3,2,1936,6098,25,56,161,62,0
400000,3,2,1940,14374,82,90,237,49,0
445000,3,2,1950,9465,22,57,125,65,0
526000,3,2,1984,2141,49,76,147,10,0
350000,3,2,1988,11325,5,34,102,58,0
400000,3,2,2008,2040,16,59,129,3,1
667000,3,2,2014,6272,33,45,179,58,1
489000,3,2,2016,6098,24,81,212,28,0
400000,3,2,2017,2561,13,80,115,11,0
753000,3,2,2030,7000,9,81,224,60,1
548000,3,2,2036,2000,33,55,166,10,0
310000,3,2,2038,43995,0,49,100,36,0
395000,3,2,2051,7326,18,57,78,22,0
482500,3,2,2062,1329,13,72,124,15,0
270000,3,2,2079,0,47,57,84,35,0
545000,3,2,2084,12196,2,70,141,63,0
312000,3,2,2089,0,61,79,164,19,0
344000,3,2,2097,2966,5,39,84,1,0
450000,3,2,2100,10572,1,74,142,46,0
422500,3,2,2102,7535,23,25,108,62,0
365000,3,2,2106,1950,39,82,137,21,0
352500,3,2,2112,10497,18,70,131,54,0
615000,3,2,2112,2953,21,52,163,13,0
485000,3,2,2128,2542,38,82,134,23,0
600000,3,2,2140,7405,43,83,224,18,1
599900,3,2,2146,7148,44,83,172,48,0
699000,3,2,2155,1781,44,76,171,10,0
279000,3,2,2172,2600,90,76,173,6,0
590000,3,2,2201,7448,40,95,192,53,1
327990,3,2,2204,2940,18,41,74,0,0
705000,3,2,2220,6098,28,72,191,56,0
284857,3,2,2236,1903,47,65,152,1,0
395000,3,2,2269,3232,21,53,91,18,0
261250,3,2,2320,21780,1,53,108,56,0
385000,3,2,2328,0,55,36,92,2,0
359000,3,2,2328,0,55,36,91,0,0
588000,3,2,2370,0,50,37,154,1,0
340000,3,2,2376,51400,0,35,104,31,0
646319,3,2,2392,1568,85,78,237,0,0
772890,3,2,2432,2340,37,71,209,1,0
505000,3,2,2437,1827,57,55,143,5,0
653931,3,2,2439,1271,54,55,142,0,1
305000,3,2,2464,2613,46,24,78,20,0
389000,3,2,2490,2609,13,42,88,2,0
297283,3,2,2500,0,27,32,73,0,0
535000,3,2,2526,2591,22,52,160,5,0
626934,3,2,2539,2979,36,70,158,0,1
395841,3,2,2564,2922,0,56,100,0,1
502000,3,2,2600,40510,7,90,174,20,0
452145,3,2,2611,5723,4,62,91,0,0
699900,3,2,2665,0,71,83,350,36,0
497500,3,2,2729,2966,95,90,302,9,0
280000,3,2,2796,3120,86,77,185,28,0
401195,3,2,2821,4578,5,52,89,0,1
465000,3,2,2872,13503,1,79,174,45,0
387500,3,2,2875,0,61,79,524,13,0
760000,3,2,2900,3484,13,63,181,0,0
525000,3,2,2952,1920,15,54,143,5,0
544000,3,2,3050,15245,10,81,197,46,0
376968,3,2,3102,3162,5,65,104,0,0
370000,3,2,3187,160736,0,35,100,28,0
425000,3,2,3194,23522,8,61,293,101,0
575000,3,3,962,10580,8,47,157,49,0
212000,3,3,1080,1995,8,85,92,14,0
342000,3,3,1116,937,25,63,93,4,0
619000,3,3,1137,38332,0,92,174,37,0
290000,3,3,1163,7200,35,65,110,65,1
370000,3,3,1170,1200,6,48,82,20,0
451000,3,3,1188,1568,43,77,119,26,0
385500,3,3,1220,1300,27,73,99,22,0
295000,3,3,1220,2269,29,72,105,23,0
235000,3,3,1226,1498,5,44,92,19,0
343000,3,3,1240,1400,38,69,89,10,1
355000,3,3,1247,10754,14,52,131,56,0
425000,3,3,1280,1589,29,46,75,34,0
335000,3,3,1280,1424,20,73,125,41,0
332271,3,3,1280,1500,26,67,93,31,0
332000,3,3,1280,1340,9,50,78,30,0
335000,3,3,1290,1585,17,49,99,32,0
320000,3,3,1294,1441,5,60,93,20,0
435000,3,3,1300,2178,5,60,91,19,0
375000,3,3,1320,1400,11,51,95,29,1
236500,3,3,1328,1542,5,73,93,22,0
622500,3,3,1360,1750,79,86,159,36,0
398000,3,3,1360,1520,22,36,37,30,0
530000,3,3,1360,1880,14,75,135,16,0
310000,3,3,1366,0,27,84,102,12,0
249000,3,3,1368,2356,83,48,91,21,1
295000,3,3,1392,1520,4,58,97,30,1
330000,3,3,1408,1868,11,54,103,36,0
300000,3,3,1408,1650,4,56,108,38,0
310000,3,3,1408,1542,5,73,105,25,0
253000,3,3,1420,1599,34,24,69,22,0
517500,3,3,1428,1650,13,80,117,15,0
340000,3,3,1440,2442,57,63,92,22,1
313540,3,3,1450,1392,7,75,102,16,0
360000,3,3,1451,1759,10,47,109,16,1
315500,3,3,1452,1542,47,82,107,27,0
290000,3,3,1452,1542,0,54,96,34,0
365000,3,3,1452,1726,14,64,108,32,0
355000,3,3,1452,1650,0,72,93,29,0
311000,3,3,1456,22215,0,65,129,41,0
399900,3,3,1456,1501,17,73,112,26,0
475000,3,3,1462,2178,15,70,106,18,0
415000,3,3,1474,1760,21,76,117,41,0
401000,3,3,1479,1700,12,86,146,32,0
275000,3,3,1480,9099,59,37,97,31,1
350000,3,3,1492,1308,20,55,107,6,0
365000,3,3,1496,1742,0,77,113,32,0
720000,3,3,1525,9276,27,84,199,56,0
234000,3,3,1532,1698,41,69,99,4,0
538430,3,3,1532,835,19,54,159,0,0
649900,3,3,1538,5999,16,68,187,65,0
410000,3,3,1540,1650,1,60,100,28,0
236000,3,3,1542,1977,9,48,94,25,0
445000,3,3,1552,2096,7,82,131,20,0
325000,3,3,1556,1650,29,73,96,19,0
387000,3,3,1568,2230,31,73,106,26,0
334000,3,3,1584,1742,7,62,91,21,0
391066,3,3,1584,2652,5,68,104,31,0
395000,3,3,1586,1793,5,66,107,10,0
524000,3,3,1600,1660,17,73,131,16,0
719981,3,3,1610,792,46,50,199,0,0
397000,3,3,1618,1672,8,72,110,8,0
612000,3,3,1628,1694,5,83,171,36,1
486990,3,3,1628,1424,48,63,146,1,0
785000,3,3,1640,8530,37,87,160,65,0
343000,3,3,1640,1834,2,66,100,12,1
420000,3,3,1646,0,38,46,132,13,0
200000,3,3,1650,1799,12,31,81,46,0
450000,3,3,1652,1540,15,65,133,9,0
420000,3,3,1656,2574,15,70,109,35,1
353140,3,3,1656,2639,0,77,106,32,0
223932,3,3,1656,1980,8,84,128,0,0
267500,3,3,1658,2613,2,65,78,2,0
285000,3,3,1661,0,11,70,82,35,0
459990,3,3,1672,1445,46,82,114,28,1
241000,3,3,1674,0,15,76,106,14,0
248500,3,3,1678,1280,34,54,104,15,0
427000,3,3,1680,2100,38,69,102,9,1
411300,3,3,1680,2160,26,28,104,9,0
347000,3,3,1684,0,15,76,105,23,0
350000,3,3,1687,0,11,64,86,16,0
234000,3,3,1692,1498,21,74,81,9,1
314900,3,3,1700,1882,0,47,83,11,0
419900,3,3,1716,1650,17,84,127,12,0
290000,3,3,1722,1575,20,72,127,31,0
602000,3,3,1731,1407,65,91,189,11,0
459900,3,3,1738,1760,2,75,122,23,0
200000,3,3,1746,1911,17,73,103,14,0
280000,3,3,1747,1607,28,44,102,15,0
435000,3,3,1750,1650,0,62,104,19,0
420000,3,3,1752,9630,3,51,106,46,0
389900,3,3,1756,1607,30,44,99,8,0
482413,3,3,1758,1400,51,65,114,10,0
305000,3,3,1760,4665,5,62,94,9,0
225000,3,3,1760,2200,6,52,89,3,0
359000,3,3,1766,2031,12,74,143,8,0
392000,3,3,1770,1799,17,72,122,23,0
565000,3,3,1774,1598,31,28,153,14,1
515000,3,3,1774,1520,13,58,105,3,0
478040,3,3,1774,8293,4,64,86,0,1
320000,3,3,1780,2003,30,67,99,43,0
477000,3,3,1798,1856,5,55,157,17,1
415000,3,3,1814,1398,4,69,116,21,0
525000,3,3,1815,2330,12,74,138,19,0
265000,3,3,1821,3097,35,74,92,16,1
680300,3,3,1827,10890,12,83,217,53,0
375000,3,3,1834,1373,16,73,106,25,0
235000,3,3,1840,1951,52,50,82,27,0
650000,3,3,1844,2309,47,71,206,17,0
616700,3,3,1874,2448,4,87,147,11,0
299000,3,3,1882,2822,8,44,64,10,0
385000,3,3,1885,2718,15,80,127,13,0
435000,3,3,1888,1661,51,83,131,13,1
510000,3,3,1900,6250,56,57,148,62,0
292240,3,3,1900,1995,41,50,143,0,0
575000,3,3,1902,10541,33,41,181,58,0
647500,3,3,1908,0,76,90,199,22,1
544240,3,3,1912,2888,7,60,124,0,0
285000,3,3,1928,2888,13,65,121,47,0
225000,3,3,1940,2478,5,73,77,7,0
410000,3,3,1960,2844,15,62,117,20,0
424700,3,3,1962,7200,39,34,141,67,0
655000,3,3,1966,1872,15,86,183,11,1
245950,3,3,1971,0,9,37,74,22,0
466000,3,3,1980,2700,31,80,172,31,0
320000,3,3,1980,2718,11,60,131,8,0
215000,3,3,1985,2788,38,32,72,19,1
485602,3,3,1986,2970,66,58,141,0,0
388000,3,3,2010,5496,38,95,199,61,0
422000,3,3,2012,2416,48,69,101,15,0
640000,3,3,2032,2016,20,86,174,13,1
307080,3,3,2036,1777,12,25,137,0,0
589900,3,3,2046,1872,25,67,147,2,1
410000,3,3,2055,3145,18,84,112,17,1
605000,3,3,2057,1506,41,76,158,18,0
635000,3,3,2064,2217,18,81,173,19,0
310000,3,3,2073,2378,53,44,64,17,0
800000,3,3,2086,12632,71,89,224,79,0
280000,3,3,2100,0,63,89,222,12,0
440000,3,3,2101,2378,26,66,109,26,0
321500,3,3,2102,5127,19,55,146,38,0
279900,3,3,2148,2731,20,47,79,5,0
780000,3,3,2160,2430,77,90,217,30,0
300000,3,3,2163,16552,0,84,162,31,0
332000,3,3,2169,2213,41,53,88,1,0
535000,3,3,2200,2241,51,46,147,11,0
642000,3,3,2200,2171,11,25,150,2,0
488000,3,3,2234,9625,35,91,204,36,0
297000,3,3,2240,5876,2,49,109,30,1
729000,3,3,2320,3106,62,77,211,34,0
375000,3,3,2321,2653,3,65,81,6,0
521000,3,3,2329,4451,17,76,164,23,0
400000,3,3,2369,2522,5,73,111,30,0
340000,3,3,2372,2683,9,62,109,46,0
355000,3,3,2376,2474,4,58,112,21,0
470000,3,3,2401,2617,6,68,122,30,0
440000,3,3,2412,12196,4,60,139,32,0
760000,3,3,2426,14810,18,55,154,54,0
308000,3,3,2448,5000,53,65,229,64,0
750000,3,3,2452,2713,5,81,179,26,1
708500,3,3,2460,2931,97,71,204,14,0
660000,3,3,2466,1860,65,91,220,4,0
790830,3,3,2466,1944,65,91,248,14,0
314100,3,3,2484,2809,101,86,212,0,0
734235,3,3,2496,1406,22,46,206,0,0
333250,3,3,2508,0,45,82,112,36,0
680000,3,3,2556,1443,56,71,212,7,0
300000,3,3,2618,2996,32,72,148,10,0
471000,3,3,2626,2222,66,69,169,8,0
273001,3,3,2630,9783,17,61,130,15,0
605000,3,3,2636,2364,38,66,166,8,1
487500,3,3,2640,7326,0,54,112,20,0
282500,3,3,2689,0,27,32,73,0,0
475000,3,3,2690,2440,11,84,133,20,0
299000,3,3,2701,5633,17,72,149,13,0
489000,3,3,2722,3232,13,80,140,17,0
396000,3,3,2800,10890,4,44,152,13,0
520000,3,3,2804,8677,9,64,149,17,0
468041,3,3,2807,2226,6,45,88,0,0
345000,3,3,2900,53143,1,60,104,27,1
475000,3,3,2936,1376,168,76,462,1,0
315435,3,3,3027,11761,14,61,215,0,0
359900,3,3,3060,8507,5,65,131,5,0
665000,3,3,3135,3463,4,87,171,19,0
426000,3,3,3352,5954,17,57,112,6,1
509000,3,3,3408,10384,71,89,180,68,0
343000,3,4,1232,1760,5,47,88,34,1
393500,3,4,1492,1308,21,55,109,7,0
475000,3,4,1496,2177,15,70,106,18,0
335000,3,4,1556,1241,5,73,78,3,1
498000,3,4,1584,1794,23,86,113,29,0
485000,3,4,1584,1759,92,76,161,15,0
285000,3,4,1628,2887,13,65,121,47,0
506900,3,4,1628,1166,45,63,147,0,0
200750,3,4,1633,1716,4,76,122,22,0
323500,3,4,1661,1759,0,62,112,14,0
293000,3,4,1700,2626,2,65,82,26,0
314900,3,4,1700,1882,0,47,83,11,0
417000,3,4,1712,2184,0,62,119,14,1
305109,3,4,1750,1850,30,66,124,45,0
275000,3,4,1764,2893,37,55,154,35,0
570000,3,4,1774,1600,31,28,154,23,0
318500,3,4,2052,0,34,42,132,14,0
542450,3,4,2100,5606,6,52,106,0,1
345000,3,4,2136,3034,85,86,210,10,0
549000,3,4,2160,1800,51,46,146,12,0
593046,3,4,2208,1800,7,60,132,0,0
228000,3,4,2223,2718,0,54,76,24,0
373275,3,4,2236,1944,18,72,187,0,0
206500,3,4,2367,28749,6,36,83,14,0
650000,3,4,2400,2309,47,71,209,17,0
363000,3,4,2422,3258,14,75,94,8,0
427000,3,4,2803,10890,18,70,107,28,0
500000,3,4,3019,2532,80,80,189,26,0
760000,3,4,3084,0,76,72,207,11,0
755000,3,4,3200,0,77,72,208,7,0
707368,3,4,3261,0,84,72,209,0,0
763812,3,4,4300,0,64,90,673,17,0
425000,4,1,1142,10890,2,58,116,34,0
216500,4,1,1176,20037,0,41,79,42,0
328150,4,1,1326,11761,4,34,99,51,1
325000,4,1,1365,7370,30,25,114,63,0
355000,4,1,1662,6499,19,19,104,55,0
250000,4,1,1764,9461,21,25,114,65,0
345000,4,1,2912,20473,2,93,249,5,0
675000,4,1,3616,12196,18,47,178,27,0
508053,4,1,4116,12196,36,63,250,1,0
687500,4,1,4300,22215,4,85,200,1,0
539079,4,1,5327,19602,3,90,324,0,0
215000,4,2,800,10001,1,51,67,44,0
290000,4,2,876,18730,19,19,143,71,0
400000,4,2,954,22215,3,44,122,54,0
485000,4,2,988,11761,0,81,162,49,0
202000,4,2,1040,10001,10,13,57,44,1
281000,4,2,1040,15245,9,63,132,26,0
300000,4,2,1046,8537,46,23,132,56,0
266000,4,2,1056,9465,26,55,106,56,0
412000,4,2,1080,7199,34,66,112,56,0
385000,4,2,1092,11761,13,79,129,44,1
215000,4,2,1152,15681,21,5,58,64,0
585000,4,2,1170,5998,69,79,187,70,0
420000,4,2,1170,10599,46,52,132,55,1
315000,4,2,1200,1359,21,42,73,9,0
645000,4,2,1226,14810,30,74,206,56,0
276840,4,2,1269,8563,67,37,97,53,0
350000,4,2,1269,9121,67,37,99,58,0
500000,4,2,1272,12632,78,66,149,54,0
526000,4,2,1276,11325,1,86,162,45,0
390000,4,2,1302,10558,30,63,115,50,0
343500,4,2,1311,10323,7,25,78,17,0
275000,4,2,1314,30056,10,60,123,44,0
375000,4,2,1323,11325,12,65,134,44,0
625000,4,2,1325,8276,22,82,187,57,0
489950,4,2,1350,10497,23,57,150,58,0
329000,4,2,1360,10858,2,51,112,53,0
335000,4,2,1360,1480,34,59,98,29,0
559900,4,2,1386,4199,48,44,174,82,0
200100,4,2,1387,10010,21,29,75,50,0
234000,4,2,1396,5000,33,84,224,80,0
617500,4,2,1436,10890,56,71,172,40,0
645000,4,2,1449,14374,44,80,184,42,0
377750,4,2,1476,7200,27,56,114,61,0
390000,4,2,1484,7501,86,77,187,43,0
346080,4,2,1492,12196,68,73,131,57,0
418000,4,2,1500,9491,14,70,128,36,1
422000,4,2,1505,10558,2,51,116,56,0
200000,4,2,1512,4568,32,63,96,38,0
475000,4,2,1549,13503,88,50,95,45,0
530000,4,2,1577,14810,3,68,146,46,0
439900,4,2,1590,11325,4,61,140,37,0
219900,4,2,1590,10698,0,67,143,25,0
308000,4,2,1592,6655,26,46,109,73,0
242000,4,2,1593,3079,18,55,62,11,0
565000,4,2,1596,20037,7,68,149,44,0
258400,4,2,1640,11325,0,36,86,75,0
410000,4,2,1653,10158,7,54,127,62,0
562500,4,2,1653,17424,0,65,146,53,0
430000,4,2,1658,10500,7,68,1374,41,0
395000,4,2,1659,8533,3,64,117,42,0
348900,4,2,1662,1812,38,66,107,40,0
343000,4,2,1663,10890,0,63,105,43,0
260000,4,2,1719,10585,13,54,107,47,0
400000,4,2,1721,11761,19,32,113,47,0
575000,4,2,1736,10842,35,84,124,29,0
390000,4,2,1744,8768,1,77,131,25,0
500000,4,2,1746,19602,0,75,168,51,0
304000,4,2,1755,10010,5,35,87,51,0
335000,4,2,1772,11761,6,45,112,52,0
210000,4,2,1791,14810,6,55,133,31,0
495000,4,2,1795,10698,2,44,117,50,0
440000,4,2,1800,10310,84,73,157,62,0
425000,4,2,1810,2426,12,81,109,22,0
387700,4,2,1820,10393,13,54,128,61,0
625000,4,2,1820,12196,20,76,172,37,0
358900,4,2,1824,11761,15,61,122,31,0
340000,4,2,1848,8659,45,59,107,34,0
540000,4,2,1858,8428,5,50,112,21,0
515000,4,2,1868,12196,24,62,167,31,0
708121,4,2,1880,10798,2,78,152,19,0
502250,4,2,1882,29185,0,83,162,25,0
580000,4,2,1888,1936,2,89,174,42,0
649000,4,2,1900,21780,8,50,142,50,0
399000,4,2,1915,10441,9,38,124,18,0
232200,4,2,1918,10511,23,72,143,31,0
375000,4,2,1950,10643,3,67,134,34,1
268000,4,2,1958,9400,17,76,124,22,0
274900,4,2,1976,8890,17,61,107,33,1
384406,4,2,1979,10001,0,45,105,0,1
235000,4,2,1992,9504,9,62,181,21,0
485000,4,2,2000,8511,39,36,111,45,0
451500,4,2,2022,10197,36,36,107,52,1
418000,4,2,2031,14810,12,54,104,52,0
555000,4,2,2032,8607,0,68,153,21,0
375000,4,2,2051,8890,47,63,109,37,0
550500,4,2,2065,15681,0,86,181,43,0
630000,4,2,2067,4700,30,72,188,57,0
590000,4,2,2096,6438,14,51,158,20,0
495000,4,2,2104,10497,14,66,131,51,0
642000,4,2,2106,10890,1,74,178,52,0
414000,4,2,2112,16552,1,45,98,5,0
215000,4,2,2125,10567,8,54,149,33,0
415000,4,2,2144,9513,4,71,124,44,0
673000,4,2,2145,10815,38,78,180,35,0
700000,4,2,2146,26571,0,84,212,33,1
700000,4,2,2152,14810,0,57,180,44,0
253000,4,2,2158,10890,0,71,149,20,0
450000,4,2,2196,18295,11,65,137,46,0
385000,4,2,2200,10502,11,55,96,16,0
464800,4,2,2232,13068,11,77,143,26,0
575000,4,2,2246,11761,3,72,133,28,1
429800,4,2,2280,2909,2,75,91,0,0
281990,4,2,2294,14374,8,62,106,2,0
579000,4,2,2295,10798,31,57,162,45,0
550000,4,2,2296,11761,5,72,149,41,0
307310,4,2,2298,4007,9,48,87,12,0
620000,4,2,2299,12632,31,78,177,64,0
297500,4,2,2300,11325,0,74,168,29,0
560000,4,2,2300,9024,5,64,137,38,0
585000,4,2,2300,15245,19,70,158,41,0
368765,4,2,2348,9683,0,47,102,0,0
540000,4,2,2352,17424,17,76,167,32,0
419000,4,2,2382,15681,3,67,137,36,0
475000,4,2,2388,8537,0,60,149,29,0
370000,4,2,2392,16117,24,64,137,40,0
269900,4,2,2394,8197,24,56,114,14,0
595000,4,2,2400,13939,7,70,169,40,0
420000,4,2,2402,48787,20,48,114,37,0
535000,4,2,2463,10890,4,78,162,35,0
375000,4,2,2472,16552,10,28,144,54,1
525000,4,2,2496,14374,6,62,178,42,0
665000,4,2,2510,12632,19,76,168,24,1
650000,4,2,2523,20037,66,60,137,113,0
205000,4,2,2559,10044,21,46,121,20,0
369990,4,2,2582,13068,1,71,156,5,0
448574,4,2,2588,4717,22,31,121,0,0
455000,4,2,2594,6921,35,86,189,24,0
260000,4,2,2600,14374,9,42,99,66,0
398000,4,2,2603,3598,19,41,99,9,0
504000,4,2,2615,18730,3,68,159,41,0
384900,4,2,2616,52707,3,47,104,34,0
271500,4,2,2640,58806,0,53,109,7,0
640000,4,2,2681,10454,15,73,190,104,0
271135,4,2,2688,11761,4,54,112,7,0
570000,4,2,2720,435600,0,24,168,0,0
242500,4,2,2728,7492,9,71,146,8,0
310000,4,2,2768,9952,57,83,189,65,0
290000,4,2,2770,7962,17,55,93,8,0
480000,4,2,2887,10763,26,45,146,7,0
510000,4,2,2938,10576,44,76,174,61,0
800000,4,2,2949,24829,0,83,208,22,0
705000,4,2,2966,10537,5,68,180,14,1
645000,4,2,3000,27878,7,61,149,80,0
342095,4,2,3000,7500,1,42,106,0,0
361000,4,2,3008,11325,5,66,187,0,0
290000,4,2,3024,8250,15,80,234,50,0
555000,4,2,3054,15245,8,54,147,44,0
250000,4,2,3069,13068,50,45,147,8,0
325000,4,2,3145,3147,11,25,107,35,0
310000,4,2,3195,21780,0,87,193,14,0
418040,4,2,3373,7566,4,64,118,0,0
748800,4,2,3423,4181,19,55,107,3,1
345000,4,2,3528,10166,40,53,110,34,0
661000,4,2,3556,13068,11,53,199,24,0
745000,4,2,3674,72309,0,66,200,32,0
294996,4,2,3711,7405,17,57,117,-1,0
503000,4,2,3780,37461,0,48,206,20,0
257840,4,2,3796,20473,0,83,181,19,0
466222,4,2,4470,13503,0,56,142,0,0
502330,4,2,4609,10463,13,68,209,0,0
595000,4,2,5050,15681,3,89,318,0,0
500000,4,3,693,13068,24,78,257,59,0
335000,4,3,988,10733,9,47,137,61,0
380000,4,3,1034,7967,0,65,127,29,0
219900,4,3,1140,0,5,62,77,18,0
249950,4,3,1176,10497,33,67,152,38,0
240000,4,3,1188,1428,17,41,87,37,1
507000,4,3,1206,9151,2,64,112,26,0
380100,4,3,1220,1440,18,73,117,32,0
205000,4,3,1249,8894,84,48,118,23,0
357000,4,3,1274,2556,4,47,109,33,0
428000,4,3,1280,1498,4,61,87,35,0
320000,4,3,1296,20908,11,25,92,49,0
540000,4,3,1314,8509,17,63,143,28,0
300000,4,3,1324,11325,6,56,134,48,0
368900,4,3,1340,10552,4,61,122,36,0
225000,4,3,1350,13503,18,57,143,34,0
765000,4,3,1354,8976,34,89,219,53,1
384350,4,3,1360,1440,16,64,106,26,0
330000,4,3,1360,2325,48,59,88,28,0
560000,4,3,1363,10667,8,70,147,34,0
569500,4,3,1364,33105,15,60,131,47,0
206000,4,3,1364,1760,28,28,71,19,0
329000,4,3,1370,18295,59,81,217,41,0
581710,4,3,1374,8093,36,82,152,46,0
319900,4,3,1376,1459,12,42,78,3,0
350000,4,3,1388,2652,5,39,86,4,0
336873,4,3,1412,2108,13,42,63,10,0
495000,4,3,1460,12196,10,28,187,59,0
390000,4,3,1464,10454,11,61,131,41,1
660000,4,3,1464,13068,0,65,171,36,0
610000,4,3,1466,13503,10,81,174,56,0
480000,4,3,1485,17424,9,77,160,35,0
357000,4,3,1496,1585,0,54,104,39,0
392798,4,3,1496,1650,14,64,104,34,0
210920,4,3,1496,1551,46,30,62,12,0
416000,4,3,1503,1542,27,49,111,34,0
330000,4,3,1512,1433,15,70,109,36,1
345000,4,3,1534,1759,13,70,118,41,0
349000,4,3,1537,8450,4,48,132,23,0
280000,4,3,1538,1738,41,24,79,22,0
417000,4,3,1540,2533,13,72,110,36,1
500000,4,3,1540,10058,40,76,158,21,0
272000,4,3,1546,4978,6,81,143,16,0
540000,4,3,1560,8934,3,62,154,29,0
259000,4,3,1566,1890,62,88,183,30,0
535000,4,3,1584,1804,14,86,149,17,0
675000,4,3,1593,28314,1,81,175,49,0
405000,4,3,1600,1600,12,70,134,11,0
370000,4,3,1604,10724,5,66,193,40,0
212000,4,3,1671,12196,13,56,144,32,0
595000,4,3,1672,3840,34,83,174,34,0
360000,4,3,1680,1760,18,53,85,19,1
300000,4,3,1680,2274,6,52,94,5,0
309990,4,3,1680,2509,0,47,84,1,1
710165,4,3,1682,1149,19,54,183,0,0
502000,4,3,1707,16117,0,69,121,32,1
510000,4,3,1716,1760,17,84,133,21,0
454500,4,3,1745,5623,57,50,162,75,0
350550,4,3,1750,7466,17,56,150,65,0
389900,4,3,1752,1584,20,72,147,20,0
226000,4,3,1764,16552,3,68,152,25,0
390000,4,3,1768,18295,39,67,147,50,0
375000,4,3,1768,2500,2,66,118,36,0
775000,4,3,1773,10001,0,87,249,45,0
532000,4,3,1786,2310,20,72,147,24,0
388000,4,3,1800,9950,3,61,112,32,0
429000,4,3,1800,2099,0,54,108,22,0
265500,4,3,1821,13068,2,33,93,43,0
458000,4,3,1860,1820,40,59,125,16,0
265000,4,3,1872,3099,43,53,97,25,0
515000,4,3,1876,13939,1,80,149,41,0
225000,4,3,1894,4700,13,39,86,7,0
620000,4,3,1901,23958,35,55,174,61,1
285000,4,3,1904,13068,7,36,81,27,0
279000,4,3,1905,8398,13,68,108,60,0
367000,4,3,1930,10532,3,56,120,44,0
445000,4,3,1976,2027,108,71,187,7,0
402500,4,3,2008,2214,14,25,132,2,0
480000,4,3,2020,5222,31,82,212,85,0
465000,4,3,2020,20037,24,43,131,48,0
499000,4,3,2032,15245,18,60,102,26,0
450000,4,3,2033,14374,0,76,139,43,0
550000,4,3,2038,2058,8,86,179,30,1
310100,4,3,2060,2003,97,86,197,0,0
490000,4,3,2072,1581,3,56,128,7,0
468000,4,3,2090,2639,20,72,138,27,0
315000,4,3,2098,21780,0,65,169,37,0
361000,4,3,2100,14374,1,80,178,44,0
448000,4,3,2100,24393,18,61,125,50,1
378000,4,3,2100,10149,16,61,112,33,0
295000,4,3,2108,3084,22,38,84,43,0
465000,4,3,2128,3563,16,62,134,6,1
558000,4,3,2130,21780,0,81,142,28,0
730000,4,3,2134,37026,15,86,186,30,1
642000,4,3,2138,9121,15,89,296,60,0
364900,4,3,2139,8576,25,59,132,18,0
460000,4,3,2177,14374,13,82,156,41,1
632500,4,3,2180,2718,48,65,163,7,0
507000,4,3,2208,10497,54,71,184,51,0
342150,4,3,2224,2040,19,73,181,0,0
637000,4,3,2251,7014,29,90,206,61,0
640000,4,3,2272,13068,28,64,177,19,0
276325,4,3,2275,4691,10,34,109,0,0
520000,4,3,2286,11761,4,63,128,38,0
560000,4,3,2298,21780,8,64,158,14,1
399000,4,3,2304,49658,1,40,93,29,1
579900,4,3,2317,28314,0,52,127,69,0
630000,4,3,2321,11325,6,80,162,41,0
250000,4,3,2335,16552,43,38,93,51,0
415000,4,3,2340,1692,143,91,298,31,0
420000,4,3,2347,10500,11,86,229,44,0
790000,4,3,2349,10005,15,84,248,41,0
500000,4,3,2352,9243,4,84,212,34,0
420000,4,3,2362,20037,7,60,131,34,0
474000,4,3,2375,12196,6,77,162,39,0
275000,4,3,2382,5584,14,62,127,21,0
393878,4,3,2400,1700,87,56,124,41,0
515000,4,3,2400,11325,1,80,162,39,0
730000,4,3,2400,1704,52,77,208,8,0
409610,4,3,2400,3114,14,62,162,0,0
260000,4,3,2408,14374,30,82,196,16,0
250000,4,3,2411,11325,5,77,171,14,0
492500,4,3,2413,14810,17,64,149,41,0
329000,4,3,2422,10802,46,81,224,44,0
247000,4,3,2438,5932,45,31,117,23,0
675000,4,3,2440,22215,0,83,174,29,0
785000,4,3,2452,6198,43,83,274,74,0
535000,4,3,2455,8215,24,76,159,29,0
435000,4,3,2457,8838,2,78,117,26,0
300000,4,3,2457,10663,17,55,91,3,0
675000,4,3,2464,54450,0,64,173,23,0
420000,4,3,2470,6943,51,93,164,62,0
790000,4,3,2476,5802,12,87,199,12,0
655000,4,3,2480,14374,13,70,168,44,1
221940,4,3,2482,23522,2,54,132,0,0
368500,4,3,2496,4403,3,65,99,15,0
630000,4,3,2500,12196,7,92,249,49,0
540000,4,3,2500,10500,11,54,148,42,0
610000,4,3,2500,66211,0,72,154,33,1
566000,4,3,2504,2866,19,58,142,4,0
675000,4,3,2510,1947,62,77,206,8,1
385000,4,3,2512,61855,0,61,104,29,0
400000,4,3,2530,11761,4,65,149,46,1
649900,4,3,2535,3985,7,60,163,1,0
570910,4,3,2538,3571,32,65,137,0,0
470000,4,3,2540,8272,1,68,159,15,0
252000,4,3,2550,14810,5,75,174,12,0
790000,4,3,2554,7779,38,84,237,94,0
670000,4,3,2554,10890,0,86,182,9,0
565000,4,3,2560,22215,26,69,200,48,1
355000,4,3,2580,11325,1,45,107,13,0
480000,4,3,2600,11325,4,64,135,32,0
580000,4,3,2602,3752,16,62,143,2,0
400000,4,3,2611,10275,13,60,153,41,0
610000,4,3,2612,3227,22,71,147,10,0
307601,4,3,2624,5227,0,47,103,0,0
225380,4,3,2640,4033,23,63,143,3,0
496700,4,3,2642,89297,21,48,107,46,1
513293,4,3,2648,10606,1,74,197,56,0
469900,4,3,2657,7239,17,55,93,3,0
615000,4,3,2659,14810,11,81,182,18,0
635000,4,3,2660,17859,7,76,229,52,0
675000,4,3,2664,8707,51,76,208,23,1
355000,4,3,2688,51400,1,52,123,33,0
327570,4,3,2722,3441,28,70,207,0,0
440000,4,3,2728,10497,17,72,164,43,0
315000,4,3,2740,47044,0,24,108,36,0
635000,4,3,2748,12196,18,81,186,31,0
574900,4,3,2751,10349,0,72,156,26,0
575000,4,3,2754,20473,0,65,159,42,0
735000,4,3,2768,21344,0,81,200,24,0
699000,4,3,2789,10890,34,45,207,48,0
398000,4,3,2800,11761,13,82,147,43,1
293000,4,3,2801,13503,18,81,197,12,0
446815,4,3,2849,15681,4,65,104,14,1
665000,4,3,2852,8590,21,45,179,26,0
319550,4,3,2899,4917,85,76,217,0,0
415000,4,3,2900,5501,39,57,274,78,0
337000,4,3,2900,15245,0,72,162,21,0
446890,4,3,2902,7239,3,60,121,1,0
625000,4,3,2905,21780,7,72,173,54,0
780000,4,3,2912,21780,23,49,199,46,0
264000,4,3,2922,27878,0,74,231,11,0
360000,4,3,2926,81892,0,80,185,25,0
269900,4,3,2932,115434,0,35,93,37,0
475000,4,3,2938,8416,34,88,245,70,0
540000,4,3,2940,11761,0,84,234,43,0
374950,4,3,2944,141134,0,41,159,9,0
270000,4,3,2950,84942,0,51,105,44,0
399000,4,3,2960,26136,3,45,118,13,0
381000,4,3,2978,96703,0,40,109,28,0
589900,4,3,2995,17424,2,81,274,12,0
598000,4,3,3000,8250,28,84,299,57,0
722000,4,3,3000,13503,1,79,186,42,0
580000,4,3,3005,5013,11,70,154,16,0
308515,4,3,3005,12196,35,45,186,0,0
700000,4,3,3017,22651,0,84,217,28,0
352000,4,3,3020,41817,0,84,209,24,0
532000,4,3,3022,5000,38,60,193,70,0
525000,4,3,3025,10815,1,80,199,49,0
510000,4,3,3030,10507,9,81,174,36,0
645000,4,3,3032,20473,11,53,196,36,1
365000,4,3,3036,9596,16,72,143,28,0
579000,4,3,3052,18295,23,43,155,43,0
430000,4,3,3060,10018,46,53,124,58,0
300000,4,3,3061,15245,14,53,174,25,0
218250,4,3,3082,9400,8,36,113,0,0
650000,4,3,3117,8001,9,61,172,27,0
291000,4,3,3137,20473,1,60,98,37,0
472000,4,3,3142,11761,10,83,174,7,0
267000,4,3,3146,8498,0,72,149,9,0
710000,4,3,3148,5135,7,64,171,0,0
675000,4,3,3150,3998,12,70,174,5,1
257000,4,3,3181,8794,0,77,154,6,0
585000,4,3,3200,11761,12,83,223,52,0
790000,4,3,3208,4774,69,71,209,9,0
399600,4,3,3214,6534,5,52,103,0,0
495000,4,3,3234,7287,8,63,161,25,0
626774,4,3,3237,16552,1,51,129,0,0
460000,4,3,3252,10890,3,64,149,17,0
340572,4,3,3256,8119,3,71,189,0,0
206000,4,3,3268,15681,18,56,104,10,0
755005,4,3,3272,3354,15,76,159,15,0
461825,4,3,3280,10789,4,63,162,30,0
540000,4,3,3291,87120,0,87,224,16,0
765000,4,3,3308,32234,0,83,193,28,0
394000,4,3,3318,12196,3,29,107,18,0
326500,4,3,3340,15245,11,64,193,0,0
280000,4,3,3346,9644,23,61,114,7,0
725000,4,3,3379,9570,28,86,221,20,1
760000,4,3,3421,10868,14,73,199,9,0
699000,4,3,3433,5308,13,75,232,11,0
370000,4,3,3437,3537,5,39,101,10,0
785000,4,3,3440,7801,62,50,223,64,0
382000,4,3,3440,14810,31,86,217,19,0
485000,4,3,3453,9609,5,64,174,17,0
430000,4,3,3456,3484,6,60,149,5,0
574000,4,3,3465,10598,15,76,162,21,0
317340,4,3,3466,12632,3,44,168,0,0
386000,4,3,3478,38768,0,41,114,16,0
300000,4,3,3480,10890,25,88,337,53,0
215000,4,3,3500,20908,1,51,105,18,0
576145,4,3,3504,4199,12,59,161,1,0
582499,4,3,3528,6006,8,60,174,15,0
490000,4,3,3547,8717,76,83,337,56,0
589000,4,3,3555,9313,2,65,106,4,0
729900,4,3,3558,7771,5,70,184,4,0
367925,4,3,3575,10454,0,45,122,0,0
540000,4,3,3600,16117,6,60,167,37,0
679000,4,3,3631,6490,3,78,174,25,0
339900,4,3,3647,7540,18,55,106,2,0
364510,4,3,3667,4377,14,75,105,1,0
389990,4,3,3692,7901,5,36,108,0,0
340000,4,3,3698,4438,16,75,106,5,0
525000,4,3,3700,143748,0,60,159,2,0
428000,4,3,3757,5321,8,51,162,8,0
210000,4,3,3813,12196,3,72,150,19,0
382000,4,3,3855,7052,7,73,131,7,0
800000,4,3,3857,14374,4,66,204,56,0
427747,4,3,3862,10890,3,56,108,15,0
400000,4,3,3867,21780,3,69,323,34,0
615000,4,3,3905,23086,0,84,224,30,1
550000,4,3,3914,15245,51,71,237,48,0
615000,4,3,3961,8848,15,71,187,7,0
549500,4,3,4000,16552,0,84,191,27,0
587859,4,3,4000,8341,101,81,298,0,0
432000,4,3,4050,6250,62,88,299,0,0
799223,4,3,4114,9745,20,59,319,0,0
289000,4,3,4128,13068,5,66,182,0,0
416200,4,3,4140,12196,51,78,249,22,0
611400,4,3,4141,14810,16,65,156,20,0
704165,4,3,4173,9539,3,52,139,0,0
336500,4,3,4181,13068,0,74,167,11,0
488512,4,3,4245,36154,4,70,234,0,0
362500,4,3,4293,153331,0,49,147,14,0
292605,4,3,4300,10484,2,65,123,1,0
412250,4,3,4304,6851,16,57,117,13,0
800000,4,3,4310,20037,5,90,321,38,0
560000,4,3,4341,57063,0,65,131,29,0
390000,4,3,4355,20037,0,84,224,12,0
558000,4,3,4376,15245,31,97,350,61,0
719740,4,3,4377,9678,7,45,166,17,0
330000,4,3,4420,50529,5,55,137,0,0
439000,4,3,4501,7840,6,40,124,3,0
303000,4,3,4544,47916,0,59,144,0,0
310000,4,3,4544,11761,0,58,122,10,0
390000,4,3,4600,13068,4,44,297,52,0
375050,4,3,4662,13939,0,70,193,9,0
480729,4,3,4774,12632,4,65,143,0,0
450845,4,3,4924,10881,1,58,139,0,0
372500,4,3,5070,343252,0,66,246,21,0
425000,4,3,5122,12632,13,41,137,0,0
701101,4,3,5535,11325,27,76,219,10,0
488230,4,3,6346,11761,18,79,281,0,0
435000,4,4,1428,1785,71,69,109,36,1
230000,4,4,1582,1793,5,66,112,9,0
420000,4,4,1838,7148,60,95,162,20,0
620000,4,4,1968,217800,0,64,168,28,1
220000,4,4,2040,2570,3,67,71,22,0
724000,4,4,2072,2435,172,86,219,103,0
379000,4,4,2105,2300,1,77,121,19,0
746559,4,4,2126,1856,91,86,219,0,0
570000,4,4,2148,2334,14,86,171,31,0
409000,4,4,2157,2545,14,64,128,19,0
575000,4,4,2300,8025,4,63,144,32,0
585000,4,4,2321,11325,12,77,171,23,0
530000,4,4,2408,12196,4,76,141,48,0
495000,4,4,2448,2443,19,58,141,6,1
415000,4,4,2649,13068,0,45,109,1,1
594000,4,4,2861,31363,15,72,212,43,0
404755,4,4,2900,8633,7,64,179,0,0
365000,4,4,3155,20037,7,54,223,32,0
334000,4,4,3272,9140,0,77,162,10,0
761500,4,4,3280,7309,33,75,217,71,0
394000,4,4,3298,9108,8,62,137,7,0
675000,4,4,3315,4347,25,81,204,5,0
307000,4,4,3390,5201,13,34,109,1,0
545500,4,4,3605,33541,18,81,346,52,0
385000,4,4,3737,12632,4,39,119,4,0
442930,4,4,3742,9040,87,81,262,0,0
550000,4,4,3750,13503,55,80,247,42,0
407000,4,4,3810,21780,6,67,234,59,0
372400,4,4,3835,32670,0,83,243,16,0
678000,4,4,3868,11761,1,77,174,35,0
404816,4,4,3902,10232,1,58,119,0,0
795000,4,4,4016,9870,16,65,206,1,1
585000,4,4,4017,5793,4,60,138,1,1
450000,4,4,4048,6098,33,59,129,11,0
740000,4,4,4050,5501,31,63,202,3,0
356400,4,4,4165,10044,33,59,132,0,0
499977,4,4,4216,10454,3,37,131,0,0
650000,4,4,4273,13068,0,74,169,17,1
636005,4,4,4305,9679,12,71,218,0,0
417925,4,4,4398,5858,67,71,219,0,0
310000,4,4,4414,13068,0,66,187,9,0
343912,4,4,4418,8642,6,53,134,0,0
689900,4,4,4454,8367,5,73,165,17,0
540000,4,4,4472,15245,40,86,275,40,0
579480,4,4,4484,27442,1,51,124,0,0
690000,4,4,4512,10357,18,79,297,8,0
507500,4,4,4515,20037,0,81,275,3,0
397995,4,4,4613,11325,5,73,147,0,0
575000,4,4,4630,25264,9,61,204,21,0
395000,4,4,4674,9100,22,83,362,-1,0
600000,4,4,4729,5135,10,64,169,9,0
420000,4,4,4729,8555,12,45,132,3,1
461155,4,4,4781,12632,4,62,137,0,0
690000,4,4,4815,10890,5,65,157,3,0
525000,4,4,4868,13939,0,66,208,12,0
470000,4,4,4975,8193,14,39,137,1,0
540000,4,4,5172,9571,0,77,196,0,0
479220,4,4,5241,31798,3,68,272,0,0
570000,4,4,5471,95396,0,65,187,0,0
290000,4,4,5740,18730,33,50,199,4,0
300000,4,4,5800,22215,1,79,548,-2,0
575000,4,4,5920,27442,15,78,309,0,0
561875,4,4,5924,30056,2,73,173,0,0
728585,4,4,6050,110206,0,49,207,0,0
640000,4,4,6078,10454,1,47,181,0,0
630000,4,5,2720,40510,0,66,164,24,0
511275,4,5,3325,11325,0,45,132,0,1
680000,4,5,3814,15245,2,50,249,10,0
320890,4,5,4199,6050,28,59,138,0,0
775000,4,5,6220,435600,0,38,192,1,1
256500,4,6,2696,18295,5,53,131,7,0
540000,4,6,4418,11325,43,45,264,-2,0
674691,4,6,7000,22215,0,73,212,0,0
200000,5,1,1008,7444,26,52,76,66,0
535000,5,1,1256,11761,1,74,142,46,0
570000,5,1,2600,12196,52,83,212,50,0
385545,5,1,2800,8573,1,72,224,28,0
750000,5,1,3084,217800,0,64,224,29,0
525000,5,1,6088,22215,73,89,462,67,0
309000,5,2,1008,8637,17,71,112,43,0
400250,5,2,1244,12196,12,67,153,40,0
207000,5,2,1850,11325,3,73,129,31,0
239000,5,2,1965,22651,90,80,248,59,0
245000,5,2,1976,10428,11,47,118,54,0
280000,5,2,2000,10607,6,51,106,48,0
261105,5,2,2082,10733,3,88,184,35,0
395000,5,2,2120,22215,1,92,149,49,0
467500,5,2,2240,11325,21,46,137,42,0
309000,5,2,2264,5749,38,81,199,56,0
370000,5,2,2326,9525,3,56,136,57,0
230000,5,2,2400,12632,1,79,154,36,0
223000,5,2,2644,12196,13,82,153,31,0
792000,5,2,2854,16988,1,86,199,56,0
269900,5,2,2868,8703,0,75,131,12,0
529000,5,2,3134,27442,15,71,147,32,0
490000,5,2,3312,12196,29,76,166,21,0
430000,5,3,1209,13503,9,64,120,38,1
469500,5,3,1242,8398,5,50,109,22,0
477500,5,3,1365,7422,42,81,199,60,0
509000,5,3,1388,13068,4,76,147,42,0
410000,5,3,1506,6250,53,57,173,65,0
500000,5,3,1506,20037,22,43,137,41,0
300000,5,3,1512,10010,16,29,85,42,0
515000,5,3,1568,16117,13,52,154,61,0
295000,5,3,1601,40510,0,83,199,31,0
450000,5,3,1764,10245,12,76,148,27,0
200000,5,3,1792,10275,20,48,99,32,0
450000,5,3,1798,1827,14,82,117,37,1
272000,5,3,1800,6229,20,28,103,7,1
231840,5,3,1877,14810,0,76,156,56,0
235000,5,3,1908,21780,46,56,148,30,0
450000,5,3,1948,12632,9,80,158,37,1
482000,5,3,1966,11761,11,56,128,41,0
494000,5,3,2048,8420,4,63,131,29,0
445000,5,3,2089,15681,26,32,119,51,0
440000,5,3,2134,6346,3,51,162,24,0
257000,5,3,2144,7692,52,57,157,68,0
279000,5,3,2249,10815,14,71,149,20,0
558500,5,3,2268,17424,0,83,223,31,0
543000,5,3,2282,28749,0,87,200,27,0
799000,5,3,2282,21780,0,87,212,33,0
717900,5,3,2334,14374,1,82,169,17,0
368095,5,3,2346,7901,4,62,112,13,0
332815,5,3,2347,3189,5,39,94,0,0
388000,5,3,2464,10890,8,31,137,53,0
778500,5,3,2530,8955,9,64,162,19,0
275000,5,3,2637,15681,15,81,196,25,0
450000,5,3,2640,7405,5,36,107,0,0
336500,5,3,2700,13503,25,77,232,14,0
665000,5,3,2704,10890,11,53,193,24,0
300000,5,3,2792,4713,7,75,149,0,0
578000,5,3,2810,40075,0,85,199,44,0
430965,5,3,2835,11325,19,73,177,0,0
349900,5,3,2868,53578,46,71,218,7,0
279000,5,3,2876,20037,0,88,182,23,0
701900,5,3,2913,21344,36,78,192,47,0
628000,5,3,2920,12196,1,79,162,27,0
410000,5,3,2961,12632,3,86,206,40,0
524900,5,3,3022,9557,15,53,149,36,0
486460,5,3,3060,29185,9,63,137,47,0
315000,5,3,3064,9848,6,82,183,3,0
257000,5,3,3100,21780,24,61,191,25,0
225000,5,3,3110,9949,1,65,136,0,0
275000,5,3,3120,47916,5,47,112,39,0
724900,5,3,3136,14810,1,74,187,51,0
349000,5,3,3158,8450,3,45,103,8,0
520510,5,3,3247,11325,2,65,140,0,0
525000,5,3,3300,7496,5,36,107,7,0
793260,5,3,3314,13503,2,81,212,50,0
591000,5,3,3348,15681,22,41,209,21,1
265000,5,3,3351,6111,5,65,141,6,0
517000,5,3,3379,76665,0,35,124,31,0
345000,5,3,3384,58370,1,42,118,6,0
418000,5,3,3400,5783,37,55,249,66,0
238000,5,3,3400,16988,0,78,231,26,0
614000,5,3,3400,8520,1,77,153,16,1
750000,5,3,3417,26571,2,81,218,57,0
710000,5,3,3421,37897,7,73,221,41,0
410000,5,3,3456,8398,19,43,182,3,0
335000,5,3,3544,6638,18,55,110,6,1
350165,5,3,3595,5519,21,55,207,0,0
412500,5,3,3600,43560,1,51,112,6,0
600000,5,3,3602,47480,0,68,161,7,0
568000,5,3,3645,26571,15,86,206,25,0
575000,5,3,3668,24829,10,86,187,26,0
485000,5,3,3699,10641,5,73,115,6,1
331605,5,3,3726,5122,2,40,103,0,0
575000,5,3,3738,21780,22,68,182,14,0
215351,5,3,3774,12196,2,53,112,0,0
542199,5,3,3778,15681,2,75,137,0,0
267579,5,3,3790,9239,4,62,122,0,0
379862,5,3,3796,6098,0,47,113,0,0
620000,5,3,3810,12632,4,62,204,56,0
408900,5,3,3838,10153,1,42,125,2,1
225000,5,3,3890,20037,18,70,128,13,0
700000,5,3,3898,20908,18,70,162,18,0
302839,5,3,3902,10166,0,87,197,0,0
395000,5,3,4000,10502,85,78,306,14,0
585000,5,3,4005,10890,11,53,199,22,0
790000,5,3,4047,30927,5,82,199,29,0
392500,5,3,4081,22215,0,83,248,41,0
670000,5,3,4092,13068,0,74,171,18,1
326795,5,3,4167,17424,3,78,217,0,0
427585,5,3,4223,10319,2,58,117,0,0
612080,5,3,4300,14810,0,71,167,21,1
588703,5,3,4301,43995,0,49,138,0,0
373500,5,3,4350,10001,21,48,121,18,0
571600,5,3,4368,231303,0,83,320,2,0
714000,5,3,4461,16988,6,77,192,43,0
560000,5,3,4485,16117,44,42,117,17,0
443000,5,3,4490,6168,6,52,128,0,1
500000,5,3,4516,11325,1,58,137,7,0
800000,5,3,4518,10328,30,88,362,24,0
730000,5,3,4581,13939,1,82,201,18,0
280000,5,3,4602,44431,0,60,138,0,0
715000,5,3,4630,15245,0,82,199,39,0
550000,5,3,4681,11761,36,84,349,-1,0
650000,5,3,4684,82328,0,68,168,19,0
780000,5,3,4771,15245,0,77,194,25,0
429625,5,3,4884,13939,2,65,139,0,0
460000,5,3,4900,46173,0,59,162,11,0
378500,5,3,4900,26136,5,68,222,0,0
399126,5,3,4908,13939,1,58,142,11,0
370000,5,3,4954,9008,1,82,196,1,0
615000,5,3,5018,9583,7,86,224,12,0
484395,5,3,5050,10637,0,75,149,0,0
700000,5,3,5300,20037,4,54,158,9,0
786175,5,3,5493,10798,11,64,193,0,0
355000,5,4,1544,8224,10,61,420,49,0
700000,5,4,1847,10001,52,80,412,110,0
630000,5,4,1915,10820,20,72,187,49,0
405600,5,4,1916,3707,3,65,96,7,1
720000,5,4,2114,15245,8,50,189,61,0
597100,5,4,2162,10128,9,81,165,35,0
367000,5,4,2302,5846,13,39,81,13,0
480000,5,4,2379,24829,9,81,172,31,0
635000,5,4,2700,5624,57,50,172,72,0
590000,5,4,2743,23958,2,76,172,64,0
385000,5,4,2821,10101,1,51,109,5,0
499000,5,4,3000,9796,84,93,325,77,0
660000,5,4,3044,20037,0,87,323,16,0
703000,5,4,3046,20037,16,46,194,49,0
265000,5,4,3060,12632,17,74,159,16,0
465000,5,4,3060,8886,3,45,119,4,0
782000,5,4,3144,28314,5,84,239,7,0
630765,5,4,3172,10890,1,51,108,1,0
620375,5,4,3185,4721,3,64,112,1,0
292000,5,4,3244,33105,0,72,181,37,0
550000,5,4,3250,4181,33,51,167,2,1
550000,5,4,3256,4791,6,59,162,0,0
700000,5,4,3320,10826,34,87,212,52,0
498900,5,4,3366,23522,68,81,222,74,0
502000,5,4,3380,23958,0,87,321,16,0
653888,5,4,3500,10890,88,92,374,47,0
680000,5,4,3525,41817,17,80,199,35,0
525000,5,4,3560,6664,9,65,151,1,0
655000,5,4,3587,5754,65,100,349,77,0
715000,5,4,3705,6973,11,52,197,10,0
335450,5,4,3732,6642,0,87,201,0,0
639900,5,4,3766,14374,0,73,157,24,0
300000,5,4,3959,12196,18,86,187,38,0
602504,5,4,3965,7954,4,47,156,0,0
770000,5,4,3984,18295,37,87,217,1,0
360000,5,4,3992,10454,1,42,116,6,0
495000,5,4,4129,87120,0,87,262,17,0
615000,5,4,4153,8071,7,63,197,3,0
350300,5,4,4194,19166,1,73,142,1,0
497415,5,4,4211,8524,0,71,182,0,0
475000,5,4,4214,87120,0,69,322,23,0
433000,5,4,4235,58370,3,41,155,12,0
399000,5,4,4240,10632,6,79,212,5,0
350000,5,4,4252,22215,17,63,225,-7,0
404000,5,4,4254,11761,3,50,131,17,0
400000,5,4,4351,26571,51,48,142,15,0
433680,5,4,4389,8925,23,31,122,1,0
270774,5,4,4394,12632,3,50,132,0,0
280000,5,4,4400,26571,0,92,206,21,0
680000,5,4,4424,40075,0,85,324,47,0
550000,5,4,4440,54885,2,93,300,35,0
528000,5,4,4444,10890,5,43,137,0,0
492200,5,4,4448,10018,1,51,122,3,1
421770,5,4,4520,5544,38,65,224,0,0
749990,5,4,4563,9456,8,54,219,1,0
670000,5,4,4607,8376,71,86,249,5,0
463003,5,4,4659,36154,1,84,217,0,0
617000,5,4,4672,20037,0,66,197,24,0
550000,5,4,4693,16988,4,56,262,-1,0
352790,5,4,4700,7649,22,55,205,0,0
329000,5,4,4720,10890,0,77,187,11,0
689900,5,4,4729,5131,7,64,180,3,1
471200,5,4,4786,10027,4,75,137,10,0
675000,5,4,4792,7335,64,90,312,78,0
692914,5,4,4872,8433,27,43,199,11,0
575000,5,4,4902,20908,2,77,206,3,0
490746,5,4,4944,43560,0,50,143,0,0
690550,5,4,5000,30056,0,83,298,13,0
400000,5,4,5003,21344,73,78,371,-1,0
639283,5,4,5018,7514,1,39,136,0,0
500369,5,4,5024,27442,0,88,278,0,0
708000,5,4,5035,16552,9,61,424,64,0
526104,5,4,5061,83635,1,60,169,0,0
745000,5,4,5149,435600,0,35,192,12,0
670542,5,4,5244,7705,4,24,172,0,0
751677,5,4,5260,37026,0,92,312,0,0
640000,5,4,5300,7975,21,80,423,60,0
427950,5,4,5354,11761,0,77,231,0,0
692353,5,4,5365,37897,11,81,268,0,0
655600,5,4,5370,41817,0,81,319,24,0
750000,5,4,5480,10502,1,28,249,10,1
570000,5,4,5480,11325,3,89,349,-1,0
444788,5,4,5600,33541,1,82,272,2,0
365000,5,4,5654,10175,19,42,243,-8,1
438000,5,4,5742,36154,0,66,234,0,0
575000,5,4,5933,436035,0,38,189,7,0
751000,5,4,6025,10024,4,81,448,64,0
690000,5,4,6096,217800,0,76,399,1,0
649900,5,4,6127,126324,1,72,268,8,0
750000,5,4,6243,435600,0,51,199,6,0
785000,5,4,6464,13939,58,96,437,0,0
279875,5,4,6468,10890,0,83,523,43,0
698733,5,4,6518,75358,0,87,321,0,0
660743,5,4,6662,25264,5,87,324,0,0
700000,5,4,6946,13068,8,74,198,8,0
535000,5,5,1365,10010,22,66,368,64,0
439000,5,5,3320,16117,2,81,224,66,0
488085,5,5,3696,16988,3,64,156,0,0
706095,5,5,3720,10606,21,63,187,0,0
215000,5,5,4053,11325,32,67,212,38,0
700000,5,5,4189,351529,0,24,187,4,0
460000,5,5,4313,20037,7,87,343,35,0
800000,5,5,4600,21780,1,74,243,46,0
798000,5,5,4632,8712,34,64,286,7,0
755000,5,5,4658,20473,7,91,325,34,0
350000,5,5,5000,13503,14,74,293,51,0
535000,5,5,5262,10454,15,41,143,11,0
771760,5,5,5270,11761,1,58,143,0,0
720000,5,5,5368,40946,15,83,312,3,0
600000,5,5,5410,6777,23,80,396,63,0
590000,5,5,5621,10890,17,67,395,44,0
576475,5,5,5810,8777,18,73,273,0,0
320000,5,5,5984,16988,30,62,322,-2,0
665500,5,5,6133,10001,25,74,436,64,0
231000,5,5,6346,10890,18,63,243,-1,0
743500,5,5,6357,76665,1,85,343,9,0
535000,5,5,6438,20473,82,80,337,63,0
280000,5,5,6542,43995,0,72,262,-1,0
691331,5,5,6966,62290,0,65,262,0,0
649000,5,5,7034,25700,0,92,349,-1,0
569000,5,5,7165,43995,3,68,312,3,0
370000,5,5,7578,87120,0,84,318,-4,0
235000,5,5,7594,36154,5,57,323,0,0
760000,5,5,7842,436035,0,62,249,5,1
555000,5,5,8450,91911,3,85,599,-1,0
385000,5,6,6381,224334,0,87,381,-2,0
690000,5,6,6501,23086,61,61,473,59,0
600000,5,6,7064,217800,1,66,287,4,0
759900,5,6,7500,8886,8,51,245,3,0
735000,5,6,7515,10497,0,86,444,57,0
